35905e9e707b216e.jpg,1024,690,883.5848236083984,596.829833984375,0.8628758043050766,0.8649707738903986,0.7463623522210622
5b2772ec662f2ad8.jpg,1024,768,784.6479263305664,262.0968322753906,0.7662577405571938,0.34127191702524823,0.2615022480553888
20ccb03acce79975.jpg,1024,768,421.14324951171875,330.52250242233276,0.41127270460128784,0.43036784169574577,0.17699854622762826
0c1e20292bee3105.jpg,1024,768,795.7819965183735,697.0453567504883,0.7771308559749741,0.9076111416021982,0.7053326233657398
8518f2889b01f45c.jpg,1024,768,1024.0,567.7374267578125,1.0,0.7392414410909017,0.7392414410909017
383220fa94c236c1.jpg,1024,886,370.3885498046875,490.17987060546875,0.36170756816864014,0.5532504182905967,0.2001148633881747
74dc82670182ecfb.jpg,1024,768,539.7134399414062,428.42115020751953,0.5270639061927795,0.5578400393327078,0.2940173501614307
30048ab8f56698f4.jpg,1024,768,268.1224060058594,392.6548767089844,0.26183828711509705,0.5112693707148234,0.1338698962823829
1c427b59941375fc.jpg,768,822,367.61602783203125,260.4300231933594,0.4786667029062907,0.3168248457340138,0.15165350430629457
3fda8beec36380b3.jpg,1024,768,582.2007369995117,524.0443420410156,0.5685554072260857,0.6823494036992391,0.3879534430906976
7d8c981ea0cc3619.jpg,1024,645,818.3208160400391,549.7996978759766,0.7991414219141006,0.8524026323658551,0.6811902516721718
17a2878f626868c5.jpg,1024,683,406.69244384765625,143.90484619140625,0.3971605896949768,0.21069523600498719,0.08367984417766303
7e3cf3d6f56b71e9.jpg,1024,685,712.5231125354767,610.5022048950195,0.6958233520854264,0.8912440947372547,0.620148453526418
2ab79951c89e06b8.jpg,1024,684,422.65057373046875,579.5712890625,0.4127447009086609,0.847326445997807,0.34972950052536345
410fa3f3b8d6a3a6.jpg,839,1024,789.6194019317627,950.5611515045166,0.9411435064740914,0.9282823745161295,0.8736469289502059
0037e5e51191594f.jpg,1024,683,394.11497497558594,256.0054626464844,0.38487790524959564,0.37482498191286145,0.1442618538738397
298839eef8379fc5.jpg,1024,768,117.72125244140625,82.94528198242188,0.11496216058731079,0.10800166924794515,0.012416105243779896
52e2cf9bfb86e08f.jpg,680,1024,439.24080657958984,450.07733154296875,0.6459423626170439,0.4395286440849304,0.2839101707980857
8e745433774217a8.jpg,1024,1024,454.1316623687744,903.7154388427734,0.44348795153200626,0.8825346082448959,0.39139346556663057
31493ea76675db84.jpg,1024,685,573.6536560058594,466.0851745605469,0.560208648443222,0.6804163132270757,0.38117510321166015
83d1b766554bf078.jpg,1024,683,495.38710021972656,540.7720489501953,0.4837764650583267,0.7917599545390854,0.3830348319816602
8ca2a5e570d7ba2c.jpg,1024,774,321.0708866119385,227.250244140625,0.31354578770697117,0.2936049665899548,0.09205860052412632
7fdf90a600e83dea.jpg,1024,768,667.4126129150391,417.0616149902344,0.6517701297998428,0.5430489778518677,0.35394310278218377
7c2b2433642362c8.jpg,1024,680,417.0554504394531,502.59027099609375,0.40728071331977844,0.7391033397001379,0.30102253541010265
799bae618cbf27a7.jpg,1024,768,350.2878112792969,252.52401733398438,0.34207794070243835,0.3288073142369588,0.11247772894207841
65671b4553266b86.jpg,1024,1024,218.16067504882812,319.7846374511719,0.21304753422737122,0.31228968501091003,0.06653254735621683
3b64ac88fd18f234.jpg,1024,768,992.5255737304688,471.1510314941406,0.9692632555961609,0.613477905591329,0.5946215920097657
02bf6bdcec44c797.jpg,1024,768,245.14117431640625,186.76168823242188,0.23939567804336548,0.24317928155263266,0.058216068993390976
701cdd8819e35d02.jpg,1024,684,178.86868286132812,141.77847290039062,0.17467644810676575,0.20727846915261788,0.036206666760587106
84fdf2d0314109e6.jpg,1024,682,144.67184448242188,236.33248901367188,0.1412810981273651,0.34652857626638106,0.04895793778742671
70b506df161c716a.jpg,1024,768,433.01873779296875,296.1684875488281,0.42286986112594604,0.38563605149586994,0.1630738635412167
56f4405eec49bd58.jpg,1024,685,97.55157470703125,207.48089599609375,0.0952652096748352,0.30289181897239964,0.02885505264319788
4ff1bdab36f417c0.jpg,1024,768,683.4111328125,414.7851104736328,0.667393684387207,0.5400847792625427,0.3604491707134798
33e8358a748d62bc.jpg,614,1024,475.8049621582031,326.3388671875,0.7749266484661289,0.31869029998779297,0.2469616060682056
234e44b703e4085d.jpg,1024,680,289.69732666015625,113.8280029296875,0.28290754556655884,0.1673941219554228,0.047357060184677884
1b25473106fa4ee4.jpg,1024,683,683.9073333740234,379.58734130859375,0.6678782552480698,0.5557647749759791,0.371183208239293
6a8fddecc6ad7dc9.jpg,1024,684,485.950927734375,311.3132019042969,0.4745614528656006,0.45513626009400127,0.21599012484202512
0645aaad9499af63.jpg,1024,797,982.6774702072144,726.6070709228516,0.9596459669992328,0.9116776297651839,0.8748877606075783
20a774a47c84e475.jpg,768,1024,356.6731262207031,724.3256530761719,0.46441813309987384,0.7073492705821991,0.3285058276933424
9263808e2cd4aa49.jpg,1024,683,456.6269226074219,382.262451171875,0.4459247291088104,0.5596814804859077,0.24957581257289638
857d027524f9aee1.jpg,1024,768,837.9957847595215,749.8398809432983,0.8183552585542202,0.9763540116449198,0.7990044396401285
23837fc19e876565.jpg,929,1024,482.88736724853516,482.0244445800781,0.5197926450468624,0.47072699666023254,0.24468043068898784
3bd18ee12fc35d44.jpg,768,1024,725.794921875,979.5235404968262,0.9450454711914062,0.9565659575164318,0.903998326046775
79965aa44ad18b2e.jpg,1024,683,301.011962890625,581.4202041625977,0.293956995010376,0.8512740910140522,0.2502379737246801
6798674f50248a81.jpg,1024,683,887.1543235778809,472.67242431640625,0.8663616441190243,0.6920533298922492,0.5995684607034946
4f8a03b455ffd986.jpg,1024,682,734.2045135498047,655.1046166419983,0.7169965952634811,0.9605639540205253,0.6887210845655437
183f599f46982233.jpg,1024,680,487.068603515625,451.6005859375,0.47565293312072754,0.6641185087316176,0.3158899166179574
43bf8cce9e2c4057.jpg,1024,768,645.246826171875,689.9924879074097,0.6301238536834717,0.8984277186294397,0.5661207363188323
3afd8581cdf11b18.jpg,1024,731,927.2503957748413,677.9040508270264,0.9055179646238685,0.9273653226087912,0.8397459593914698
079eae9e1aa1f143.jpg,845,1024,229.6122589111328,529.6070861816406,0.27173048391850035,0.5171944200992584,0.14053749005351965
57429cf01d1a27e0.jpg,1024,974,661.0620880126953,394.0446472167969,0.6455684453248978,0.40456329283038694,0.26117329598803424
0149e8a8b8daff8a.jpg,1024,768,1006.5415687561035,592.3888549804688,0.9829507507383823,0.7713396549224854,0.7581888928803417
401233d8c686f408.jpg,1024,683,167.6766357421875,70.82791137695312,0.16374671459197998,0.10370118796039988,0.01698072882780087
30b1ebbfa78a0ef2.jpg,768,1024,356.8259506225586,495.88246154785156,0.4646171232064565,0.4842602163553238,0.22499558860634675
146c0ce4e51bd258.jpg,1024,768,700.5410461425781,463.35482025146484,0.6841221153736115,0.6033265888690948,0.41274906223827035
849982f27bb1f730.jpg,1024,683,610.1499328613281,456.8073272705078,0.5958495438098907,0.6688247837049894,0.3985189422593668
178052b72c4845b9.jpg,1024,768,558.3965606689453,694.9868698120117,0.5453091412782669,0.9049308200677236,0.4934670484073682
878a7287d12cf91b.jpg,1024,1024,982.0950050354004,984.3063774108887,0.9590771533548832,0.961236696690321,0.9219001547620043
91ba25344e9793b7.jpg,1024,1024,999.4470386505127,976.6687049865723,0.9760224986821413,0.9537780322134495,0.9309088181891069
2787d493b4269cb0.jpg,1024,683,473.0351257324219,480.44984436035156,0.46194836497306824,0.7034404749053463,0.3249531772384034
2b0b1a0d39601fe2.jpg,1024,633,141.4339599609375,148.457763671875,0.13811910152435303,0.23453043234103477,0.03239313259506179
12370f0ae548a125.jpg,1024,620,621.3187255859375,275.2293395996094,0.6067565679550171,0.4439182896767893,0.2693503378967498
4ea7391f563c3d74.jpg,1024,768,94.91912841796875,179.75845336914062,0.09269446134567261,0.2340604861577352,0.021696110686697523
2ec15c366bb5d31c.jpg,1024,768,220.60751342773438,157.5618896484375,0.21543702483177185,0.20515871047973633,0.04419878220407725
2211a15e8de01835.jpg,1024,683,669.6346130371094,488.49908447265625,0.6539400517940521,0.7152255995207266,0.46771466559501595
0822813fff398d50.jpg,852,1024,201.73291015625,412.69134521484375,0.23677571614583334,0.40301889181137085,0.09542508672893746
8fefc28853f4c30d.jpg,1024,768,232.37889671325684,252.68551635742188,0.22693251632153988,0.3290175994237264,0.07466479175129866
5735bc84a38690d1.jpg,683,1024,68.56341552734375,131.0341796875,0.10038567427136713,0.12796306610107422,0.012845658672387858
88f5ba4017cb539e.jpg,1024,683,270.09735107421875,239.1434326171875,0.26376694440841675,0.3501367973897328,0.09235451317243873
1ca8b9fc8d4375c1.jpg,1024,768,323.6153564453125,535.5643005371094,0.3160306215286255,0.6973493496576945,0.22038374839490396
92f8f7ac0a9fa050.jpg,768,1024,654.5681324005127,893.3766193389893,0.8523022557298342,0.8724381048232317,0.743580964725502
5b4098853173cbb7.jpg,1024,768,210.56939697265625,328.9978332519531,0.20563417673110962,0.4283825953801473,0.08809010232693262
86f51afad8d3c105.jpg,768,1024,266.24676513671875,191.511962890625,0.34667547543843585,0.18702340126037598,0.0648364265500542
71ded7076d483530.jpg,1024,768,162.20709228515625,149.09072875976562,0.1584053635597229,0.19412855307261148,0.030751004026789985
1d7f56837f219082.jpg,1024,680,169.56463623046875,153.37814331054688,0.16559046506881714,0.22555609310374541,0.03734993835615462
305989e973c7894a.jpg,819,1024,403.0204830169678,465.82867431640625,0.49208850185221953,0.4549108147621155,0.22385638131266195
255b1aa2697f3678.jpg,1024,768,577.0657043457031,493.7641067504883,0.5635407269001007,0.6429220139980316,0.36231273910852746
34a933d30bbd1f4c.jpg,1024,683,235.85577392578125,129.5595703125,0.23032790422439575,0.1896919038250366,0.04369133865635632
0673d974a4f00b13.jpg,680,1024,495.81365966796875,791.3967666625977,0.7291377348058364,0.772848404943943,0.5635129353291304
1161a59649f0ec2c.jpg,1024,768,232.04409790039062,429.4810028076172,0.22660556435585022,0.5592200557390848,0.12672237632986533
77538aae9a422263.jpg,1024,775,508.4236145019531,668.2990798950195,0.4965074360370636,0.8623213934129285,0.4281489840833611
00e02103383f2974.jpg,1024,683,226.75,224.8143310546875,0.221435546875,0.32915714649295386,0.07288709274148172
25b72528673bede5.jpg,1024,768,627.1089401245117,376.0555114746094,0.6124110743403435,0.48965561389923096,0.29987052056480845
2f430e8ea85fc4e9.jpg,1024,900,130.846923828125,159.2105712890625,0.12778019905090332,0.176900634765625,0.022604398322582712
78ab036775927604.jpg,1024,683,828.7259979248047,662.3676147460938,0.8093027323484421,0.9697915296428898,0.7848549347483659
01228eb7ac518357.jpg,1024,684,171.31881713867188,295.82208251953125,0.16730353236198425,0.4324884247361568,0.0723568411640292
901ca058ef33de48.jpg,1024,683,321.7140197753906,230.5145263671875,0.3141738474369049,0.3375029668626464,0.10603460562060785
1a8225b97b6582b5.jpg,1024,680,984.2197933197021,430.70265197753906,0.9611521419137716,0.6333862529081457,0.608780553641402
4bce39d6daccfcc1.jpg,683,1024,484.16088104248047,375.28997802734375,0.7088739107503375,0.3664941191673279,0.2597981195211439
00c1323bb33c5b07.jpg,900,1024,270.6037902832031,405.4233703613281,0.3006708780924479,0.3959212601184845,0.11904199293529322
3157e4c925a19498.jpg,1024,712,672.8387145996094,493.82432556152344,0.657069057226181,0.6935734909571959,0.4557256798203159
11735f50df8cdd42.jpg,1024,768,811.3628082275391,529.1415863037109,0.7923464924097061,0.6889864404996237,0.5459159894477255
638512a5c06f7a5b.jpg,1024,1024,767.9993896484375,485.7309265136719,0.7499994039535522,0.4743466079235077,0.3557596732100201
2a80dce11327b012.jpg,1024,764,446.43841552734375,726.2423820495605,0.43597501516342163,0.9505790340962834,0.41442870880415783
27cde26c9d23515e.jpg,1024,683,561.1576232910156,591.119384765625,0.5480054914951324,0.8654749410916911,0.47428502046967297
0b748286f3cee686.jpg,1024,683,271.01031494140625,389.7770080566406,0.26465851068496704,0.5706837599657989,0.15103631398464556
7a841169b56e449b.jpg,1024,768,765.1221618652344,568.5080080032349,0.7471896111965179,0.7402448020875454,0.5531032258620364
2a5cc003084bb8e6.jpg,1024,632,343.1600036621094,524.923454284668,0.3351171910762787,0.830575085893462,0.27833998976255586
8a6147c036e6e962.jpg,768,1024,721.3146820068359,1014.99951171875,0.9392118255297343,0.9912104606628418,0.9309565862433165
0136078b2bded042.jpg,1024,1002,480.8044128417969,524.5733642578125,0.46953555941581726,0.5235263116345434,0.24581421960222483
1f33cb40ea29f9ff.jpg,1024,681,119.97257995605469,167.99478149414062,0.11716072261333466,0.24668837223809195,0.028902187951722138
4f93f1c09e985067.jpg,1016,1024,240.7535400390625,323.141845703125,0.2369621457077387,0.315568208694458,0.07477771984938625
80168033c74e72be.jpg,1024,768,785.8471069335938,739.4605102539062,0.7674288153648376,0.9628392060597738,0.738910551293273
0bb2f009a7adff18.jpg,1024,1024,120.45745849609375,117.47796630859375,0.11763423681259155,0.11472457647323608,0.013495537997076923
11b50323aa1fcd81.jpg,680,1024,130.87063598632812,241.033935546875,0.19245681762695313,0.23538470268249512,0.04530139079633955
71c17e3af1abdab5.jpg,1024,764,754.4759254455566,390.7249755859375,0.7367928959429264,0.5114201251124837,0.3768107150251206
74357297be501d15.jpg,768,1024,427.07427978515625,678.9880981445312,0.5560863018035889,0.6630743145942688,0.3687265434236764
255ba3b9569da120.jpg,1024,768,342.650390625,342.01397705078125,0.33461952209472656,0.4453306992848714,0.14901634576881406
5681627fbc3a5b53.jpg,1024,768,914.953676700592,729.9676475524902,0.8935094499029219,0.9504787077506384,0.849261707306713
6bcf67cc351a61c1.jpg,1024,684,279.3667755126953,436.6385498046875,0.2728191167116165,0.6383604529308297,0.1741569349122164
66baa5f8ccdb8cca.jpg,1024,1013,447.43719482421875,664.5818386077881,0.4369503855705261,0.6560531476878461,0.28666267583696164
1168022d44736155.jpg,1024,768,393.6116638183594,760.138557434082,0.3843863904476166,0.9897637466589609,0.38045171397414723
2c4790cd57ac0b6a.jpg,1024,768,954.243579864502,627.6191778182983,0.9318784959614277,0.817212471117576,0.7615427284659684
73fb3440c0c6dd4a.jpg,1024,754,221.73568725585938,475.0725860595703,0.21653875708580017,0.6300697427845761,0.1364345189799419
04aa0e65c7bf5df1.jpg,1024,681,445.4691162109375,320.4472961425781,0.43502843379974365,0.470554032514799,0.20470438378306666
28bce0f777dde437.jpg,1024,685,484.0991516113281,502.51824951171875,0.4727530777454376,0.7336032839587135,0.34681321033564205
1b5085a99a355e95.jpg,1024,768,376.212158203125,307.8654327392578,0.36739468574523926,0.40086644887924194,0.1472762030117991
0141276a11ec6561.jpg,1024,932,966.0550575256348,692.262372970581,0.9434131421148777,0.7427707864491213,0.7007397215151043
7923f64f557d9073.jpg,1024,680,492.7495574951172,643.8591995239258,0.4812007397413254,0.9468517640057732,0.4556257692649569
33e43a39bb72fb91.jpg,1024,725,556.9272346496582,489.01231384277344,0.5438742525875568,0.6744997432314116,0.366843043720483
02e63540dd137e45.jpg,1024,768,326.240966796875,310.3614501953125,0.31859469413757324,0.4041164716084798,0.12874936366805892
4b85a8347e190be0.jpg,1024,767,1015.8112177848816,757.6129760742188,0.9920031423680484,0.9877613768894639,0.9798623897841383
77b3975c56653336.jpg,1024,1024,540.8323974609375,535.7620239257812,0.5281566381454468,0.5232051014900208,0.27633424746351665
17043decca169e09.jpg,1024,768,243.07696533203125,192.77313232421875,0.23737984895706177,0.2510066827138265,0.059583928429821256
83f705a342fcead6.jpg,1019,1024,257.9344177246094,545.9095153808594,0.2531250419279778,0.5331147611141205,0.13494469625943561
67114289dd38f6bb.jpg,1024,681,438.494873046875,579.9528045654297,0.42821764945983887,0.8516193899639203,0.36467845340477184
13d82723121d2c0d.jpg,1024,768,418.68060302734375,625.7965545654297,0.4088677763938904,0.8148392637570699,0.33316151789078796
151bd12a192aeba7.jpg,770,1024,266.19140625,599.9273376464844,0.345703125,0.5858665406703949,0.2025358939426951
6874b70d772d5b31.jpg,1024,678,662.5966739654541,541.8555717468262,0.6470670644193888,0.7991970084761448,0.5171340621674164
6765990df78d612e.jpg,1024,683,758.9894495010376,616.1662063598633,0.741200634278357,0.9021467150217618,0.6686717173862661
87f63f9f602ca6a0.jpg,1024,768,693.2260518074036,760.2992630004883,0.6769785662181675,0.9899729986985525,0.6701905012536459
43cee558f98281ae.jpg,1024,683,227.55975341796875,164.33633422851562,0.2222263216972351,0.24060956695243868,0.053469779029005064
2804fde9dcbfa648.jpg,1024,768,582.1130676269531,519.3604888916016,0.5684697926044464,0.6762506365776062,0.38442805912389666
1090faa9b56a8f37.jpg,1024,768,295.3111877441406,238.1983642578125,0.28838983178138733,0.31015412012736004,0.08944529452983356
6e186d5e435bffeb.jpg,1024,768,571.5669555664062,477.3692626953125,0.5581708550453186,0.6215745608011881,0.34694480407681755
27748e9a57fd4444.jpg,1024,711,763.4603672027588,684.5199012756348,0.7455667648464441,0.9627565418785299,0.7177992802631257
867ea8cef4f88706.jpg,1024,685,185.962646484375,144.73416137695312,0.18160414695739746,0.211290746535698,0.03837127578460712
22dde643922d17b0.jpg,1024,1024,906.0155372619629,950.7944793701172,0.8847807981073856,0.9285102337598801,0.8215280256769419
1ecf8a8075404757.jpg,1024,1024,248.26052856445312,576.3321838378906,0.24244192242622375,0.5628243982791901,0.13645222910718946
0016a719395bc945.jpg,1024,681,605.3128356933594,642.2859554290771,0.5911258161067963,0.9431511827152381,0.5575210125946353
87b3a8f504651ca2.jpg,1024,768,275.21527099609375,513.9100488424301,0.2687649130821228,0.6691537094302475,0.17984503855360054
1ea6101f77cd0820.jpg,1024,635,414.71124267578125,309.4228057861328,0.4049914479255676,0.4872800091120202,0.19734423643546084
7409108af34d7287.jpg,1024,768,157.4049072265625,443.48028564453125,0.15371572971343994,0.57744828859965,0.08876288505387227
0dcd8cc4b35a93b4.jpg,1024,687,206.303466796875,368.3668212890625,0.20146822929382324,0.5361962464178494,0.10802650831979863
22229f46ac2d35c4.jpg,1024,768,720.8409881591797,687.1147556304932,0.7039462774991989,0.8946806713938713,0.6298071281781997
79e4161067f17c38.jpg,1024,768,640.9087524414062,622.3594360351562,0.6258874535560608,0.8103638490041097,0.5071965659070704
7c7972fc6bb5fafc.jpg,1024,683,521.2571868896484,494.3859443664551,0.5090402215719223,0.7238447208879284,0.36846607710445733
6360e7b70656da0f.jpg,1024,768,641.0486526489258,561.6347808837891,0.6260240748524666,0.7312952876091003,0.4578084558694555
2da310844b6742c8.jpg,1024,551,115.68472290039062,141.23526000976562,0.11297336220741272,0.2563253357708995,0.028957935000982513
00e105ea2d26fa04.jpg,1024,833,143.40386962890625,147.72857666015625,0.14004284143447876,0.17734523008422118,0.024835929935845737
133a550867f69a85.jpg,1024,768,855.740665435791,681.4956665039062,0.8356842435896397,0.8873641490936279,0.7415562377238727
656c207a88e5914f.jpg,1024,396,275.9141845703125,292.1968307495117,0.2694474458694458,0.7378707847209892,0.19881739832475423
124353c9c0b3742f.jpg,768,1024,129.51620483398438,183.601318359375,0.16864089171091715,0.17929816246032715,0.030237001999438462
11121cc44a99e018.jpg,1024,683,351.1855163574219,321.5993347167969,0.3429546058177948,0.47086286195724286,0.16148458721678496
751dcb7ea1e117d0.jpg,1024,768,251.22457551956177,372.3992614746094,0.24533649953082204,0.48489487171173096,0.1189624104662031
4c9b4cdfee8bd11a.jpg,1024,681,363.308349609375,576.0434036254883,0.3547933101654053,0.8458787131064439,0.3001121086214884
526a5b4afa539777.jpg,1024,725,639.4435043334961,541.0873947143555,0.6244565472006798,0.7463274409853179,0.4660490568788107
79eab89e56b6f31c.jpg,1024,731,423.1875457763672,313.3403625488281,0.4132690876722336,0.4286461867973025,0.17714621855190302
4ee07375dc54331c.jpg,577,1024,479.6401824951172,681.713586807251,0.8312654809274128,0.665735924616456,0.5534032935469542
515463d1d50089af.jpg,1024,685,864.1886749267578,685.0,0.8439342528581619,1.0,0.8439342528581619
0b6304737968e40a.jpg,1024,768,803.2063903808594,414.59063720703125,0.784381240606308,0.5398315588633219,0.4234337478596496
66e094b6e791fc12.jpg,768,1024,328.77256774902344,486.9132080078125,0.4280892809232076,0.4755011796951294,0.20355695809382485
25b420b57adcda56.jpg,1024,768,162.1217803955078,147.49288940429688,0.1583220511674881,0.19204803307851157,0.030405438519671556
92661a6656d1dcd8.jpg,1024,768,394.6629943847656,580.9049797058105,0.3854130804538727,0.7563866923252741,0.2915213251033995
3fa62b8d45f67335.jpg,1024,768,987.649040222168,767.1919555664062,0.9645010158419609,0.9989478588104248,0.9634862245958065
5f1df63cbf6f328a.jpg,1024,575,432.0115051269531,183.7786865234375,0.42188623547554016,0.3196151069972826,0.13484121429219553
5e16859da589323f.jpg,1024,768,161.0347137451172,153.38299560546875,0.157260462641716,0.19971744219462076,0.031407657357146235
2d3969c3684dd7b3.jpg,1024,576,139.0706787109375,233.51449584960938,0.1358112096786499,0.4054071108500163,0.05505883013686723
434aef745c9e6f32.jpg,1024,768,448.94769287109375,176.0186767578125,0.4384254813194275,0.22919098536173502,0.10048316807129254
3f93ece3a8300910.jpg,1024,768,904.9071416854858,699.2082443237305,0.8836983805522323,0.9104274014631907,0.8045432202833986
09476048472aae0f.jpg,1024,663,469.90595149993896,453.8746337890625,0.45889253076165915,0.6845771248703808,0.3141473293333094
0ea0a9d7f781f053.jpg,1024,1024,368.91693115234375,424.64605712890625,0.3602704405784607,0.4146934151649475,0.14940177938646215
7b7344539d1e141c.jpg,1024,899,752.0795440673828,769.261157989502,0.7344526797533035,0.8556853815233615,0.6284604214855608
02f0cd420e803ad0.jpg,1024,680,126.0859375,97.76495361328125,0.12313079833984375,0.14377199060776655,0.017702759982442813
3ca8a6f6a8b24c4d.jpg,1024,640,142.05978393554688,177.0408935546875,0.1387302577495575,0.2766263961791992,0.038376451242271514
8b9a5aae64c673b5.jpg,1024,768,456.1702880859375,676.7453308105469,0.44547879695892334,0.8811788161595663,0.39254647892845185
1a0aece176d860a0.jpg,1024,768,775.9796295166016,748.7139892578125,0.7577926069498062,0.97488800684611,0.7387629241920142
5c48221f3bf16194.jpg,1024,768,683.4499778747559,485.50205993652344,0.6674316190183163,0.6321641405423483,0.42192633580750194
7297c5d64b4ef0f2.jpg,690,1024,172.51216888427734,245.94610595703125,0.25001763606417005,0.24018174409866333,0.06004967188531723
7d154636e4126b4e.jpg,1024,683,153.165771484375,203.09640502929688,0.14957594871520996,0.2973593045816938,0.04447780009210193
267bf8100660ee85.jpg,768,1024,243.96240234375,204.2451171875,0.3176593780517578,0.19945812225341797,0.06335974306239223
61de90fdb262094c.jpg,1024,683,698.6788940429688,314.61329650878906,0.6823036074638367,0.46063440191623584,0.3142925141493946
92e72b57e955e158.jpg,1024,705,74.84075927734375,63.739227294921875,0.073086678981781,0.09041025148215869,0.006607785026738622
27ea3aee80632e79.jpg,768,1024,671.185432434082,717.5115356445312,0.8739393651485443,0.7006948590278625,0.612364820261659
3dd6afeef5623ae1.jpg,1024,724,156.91424560546875,141.02197265625,0.15323656797409058,0.19478173018819062,0.029847683838093643
6547b80d04132507.jpg,1024,683,548.1823120117188,304.4524230957031,0.5353342890739441,0.4457575740786283,0.23862931401870846
26d521ef553d38ae.jpg,1024,751,179.57513427734375,152.7578125,0.1753663420677185,0.20340587549933423,0.03567054434140001
52740235247034e7.jpg,1024,683,88.47998046875,120.2880859375,0.08640623092651367,0.17611725613103954,0.015217628303402559
8a84ce84218f4647.jpg,1024,768,396.8027801513672,202.89337158203125,0.3875027149915695,0.26418407758076984,0.10237204732009174
43ecaf5c8bee8d26.jpg,767,1024,98.44720458984375,166.6512451171875,0.1283535913818041,0.16274535655975342,0.020888950995156603
3a4b400631bfd07e.jpg,1024,768,408.1296844482422,272.1269073486328,0.3985641449689865,0.354331910610199,0.1412239949875813
71cf27833fdc0452.jpg,1024,682,475.32313537597656,597.6672058105469,0.4641827493906021,0.8763448765550541,0.40678417421369284
71fbb144b622f922.jpg,768,1024,592.8905639648438,701.7847304344177,0.7719929218292236,0.6853366508148611,0.529075043499219
04b18ad3284553aa.jpg,1024,766,795.3717651367188,432.0736846923828,0.7767302393913269,0.564064862522693,0.43812623569948717
8edce6a64aeb2360.jpg,1024,648,1003.7281422615051,510.73492431640625,0.9802032639272511,0.788171179500627,0.7725679626799059
74dd79a44839bff5.jpg,1024,768,777.7519683837891,755.3513672351837,0.759523406624794,0.9835304260874788,0.7470143797410971
7a943340623f406f.jpg,1024,649,398.0980529785156,369.2264709472656,0.38876762986183167,0.5689159798879285,0.22117611709155147
4dcffb75d1820f47.jpg,1024,682,236.9146270751953,205.37527465820312,0.23136194050312042,0.3011367663610017,0.06967158662211614
890fa989136354ae.jpg,1024,768,623.1109619140625,643.043046951294,0.6085067987442017,0.837295634051164,0.5095000858789704
8f03247d5746c98d.jpg,1024,768,810.6575622558594,762.5997314453125,0.7916577756404877,0.9929684003194174,0.7860911550781633
921b1ec0697e3040.jpg,1024,685,1007.2958393096924,671.185996055603,0.9836873430758715,0.9798335708840921,0.963849881999516
3fd566a516130404.jpg,1024,1004,801.7867202758789,747.5381011962891,0.782994844019413,0.7445598617492919,0.5829865328135025
3638f6a6691aa53c.jpg,1024,576,653.5808258056641,390.30218505859375,0.6382625252008438,0.6776079601711698,0.4324917677550436
86ca51376dc27bbe.jpg,1024,683,401.13890075683594,585.2491455078125,0.3917372077703476,0.8568801544770315,0.33567183910865644
644e98e8805f0c19.jpg,1024,683,407.8466491699219,147.7560272216797,0.39828774333000183,0.2163338612323275,0.08616312539608949
1ae50941d9629ca6.jpg,1024,768,81.41233825683594,160.30068969726562,0.07950423657894135,0.20872485637664795,0.016594510361274573
358337e8a2304caf.jpg,1024,768,540.8480529785156,515.4822540283203,0.5281719267368317,0.6712008515993754,0.35450944701664433
5f914cbeb21a8eef.jpg,1024,576,512.5543975830078,571.1315789222717,0.5005414038896561,0.9915478800733885,0.4963107679157462
146b7934739258cd.jpg,1024,768,408.62396240234375,256.86480712890625,0.3990468382835388,0.33445938428243,0.1334649598321628
604f5106d43765b8.jpg,1024,768,653.1817626953125,728.2916259765625,0.6378728151321411,0.9482963879903158,0.6048924865870239
40281d7ba262fe04.jpg,1024,667,516.0830688476562,331.5690612792969,0.5039873719215393,0.49710503939924566,0.2505346623757791
8260803eb3347a7f.jpg,1024,672,959.9473576545715,579.2140846252441,0.9374485914595425,0.8619257211685181,0.8080110532521776
39cabfe5cec484d1.jpg,1024,682,745.4871711730957,652.0405502319336,0.7280148155987263,0.956071188023363,0.6960339896480837
89317293058b9fde.jpg,1024,683,384.94671630859375,204.90689086914062,0.3759245276451111,0.30001008912026444,0.1127811510413031
0f53cce33e66a8be.jpg,1024,768,871.3037061691284,715.7302894592285,0.8508825255557895,0.9319404810667038,0.7929718701977143
01bcee83bc7f9eaf.jpg,1024,1024,314.497314453125,211.100341796875,0.3071262836456299,0.20615267753601074,0.0633149057152309
17248a66fa0226c9.jpg,1024,684,661.6938629150391,672.0170192718506,0.6461854130029678,0.982481022327267,0.6348649051801231
24309e6c98b69a4d.jpg,1024,768,400.74538803100586,267.9064636230469,0.39135291799902916,0.3488365411758423,0.13651819829385436
0e573c2885a62571.jpg,1024,768,893.562157869339,605.2468109130859,0.8726192947942764,0.7880817850430807,0.6876953715045075
5130be47bd68eea8.jpg,682,1024,402.2249450683594,568.4014282226562,0.5897726467277997,0.5550795197486877,0.32737071750657953
8830a7218e6f334d.jpg,1024,768,829.1168212890625,611.1649780273438,0.8096843957901001,0.7957877318064371,0.6443369088048693
5b187d77d82477f3.jpg,1024,1024,682.0383605957031,1008.3634376525879,0.6660530865192413,0.9847299195826054,0.6558824023258386
7b524092efef0d94.jpg,1024,683,194.45968627929688,310.78851318359375,0.18990203738212585,0.45503442633029834,0.0864119646391305
54efcbb51106ce95.jpg,1024,755,151.89990234375,143.5799560546875,0.14833974838256836,0.19017212722475166,0.02821008550189744
22cfebfb358ce249.jpg,1024,768,521.4624328613281,688.9975814819336,0.5092406570911407,0.8971322675546011,0.45685622542717014
1b229d6967d3e761.jpg,1024,681,883.0767135620117,455.77232360839844,0.8623796030879021,0.6692691976628464,0.5771641050394442
804ba8392eb8e51a.jpg,1024,577,394.3876037597656,437.2497215270996,0.3851441442966461,0.7577984775166371,0.2918616461724464
3e8a0d2b97a296c6.jpg,1024,682,325.63812255859375,225.2783203125,0.3180059790611267,0.33032011776026393,0.1050437724519394
2c0d029592cf3a6c.jpg,1024,1024,891.8794326782227,878.5294952392578,0.8709760084748268,0.8579389601945877,0.7472442510653253
27b41d059c58bb6d.jpg,768,1024,187.86068725585938,340.29034423828125,0.24461026986440024,0.33231478929519653,0.08128761028942932
37e9e7b9167c85cb.jpg,1024,768,710.4252896308899,435.2486267089844,0.6937746969051659,0.5667299826939901,0.3931829219705929
67d99480fe8a3339.jpg,1024,681,597.2031555175781,621.7940139770508,0.5832062065601349,0.913060226104333,0.5325023908272472
2b78040d5aec857c.jpg,1024,681,928.7992172241211,589.7428741455078,0.9070304855704308,0.8659954099052978,0.7854842371481665
63494f51ced7a607.jpg,1024,633,678.7097778320312,486.4352111816406,0.662802517414093,0.7684600492600958,0.5093372551817494
452107e6fb420e91.jpg,1024,768,745.7881774902344,667.934944152832,0.728308767080307,0.8697069585323334,0.6334152026898474
82baa4293d9a41d7.jpg,1024,768,100.58537578582764,168.708984375,0.0982279060408473,0.21967315673828125,0.021578034199784213
617e15f0ce22e95d.jpg,1024,768,267.1607971191406,449.3894958496094,0.26089921593666077,0.5851425727208456,0.15266323843402912
5702dedc4aee1ccf.jpg,1024,683,249.09652709960938,552.6381072998047,0.24325832724571228,0.8091333928254827,0.19682843565737473
1adea4c140755f20.jpg,1024,683,698.7470245361328,622.2055511474609,0.6823701411485672,0.9109890939201478,0.6216317566030967
7998ecd0e3bf289c.jpg,819,1024,361.2336730957031,560.5317268371582,0.44106675591660943,0.5473942644894123,0.24143741244570358
5ba1cbc1194a654f.jpg,683,1024,329.12337493896484,544.279296875,0.4818790262649558,0.5315227508544922,0.2561296656194334
135a78d7766f44f8.jpg,1024,768,559.7481384277344,702.0712623596191,0.5466290414333344,0.9141552895307541,0.49970382963740834
6193aa02fdc42fd9.jpg,1024,765,176.89959716796875,143.90206909179688,0.17275351285934448,0.18810727985855802,0.03249619338998171
016989122d5a6230.jpg,1024,768,302.9753338396549,404.4707946777344,0.295874349452788,0.5266546805699667,0.15582361099990477
134f6c2f07196007.jpg,1024,683,193.74554443359375,423.6328430175781,0.1892046332359314,0.6202530644474058,0.11735475357223393
14e8c85c91e74184.jpg,768,1024,366.8242950439453,955.71875,0.47763580083847046,0.933319091796875,0.4457866118482343
8dffe5d96f6cc0f0.jpg,1024,768,331.6488037109375,442.0867004394531,0.3238757848739624,0.575633724530538,0.18643382433225025
15057782978a622f.jpg,1024,768,622.0018310546875,550.8264617919922,0.6074236631393433,0.7172219554583231,0.4356575874684575
3435f2098103b579.jpg,638,1024,399.78918647766113,484.78985595703125,0.6266288189305034,0.47342759370803833,0.29666337389437825
2e6daf9fe1481f86.jpg,1024,731,589.8764343261719,514.6408081054688,0.5760512053966522,0.7040229933043348,0.4055532939199213
69bbb58577add232.jpg,1024,686,67.575927734375,101.32147216796875,0.06599211692810059,0.1476989390203626,0.009746965653988167
583af3b3651ce04f.jpg,1024,1024,348.9013671875,390.67669677734375,0.34072399139404297,0.38152021169662476,0.12999308932677422
069fa1ded3301371.jpg,1024,768,640.3891525268555,390.7808837890625,0.6253800317645073,0.5088292757670084,0.318211668641883
048873e29dc11e48.jpg,1024,1024,704.7465362548828,946.4748115539551,0.688229039311409,0.9242918081581593,0.636124463172095
0f998a6c2699f838.jpg,1024,682,654.9883728027344,677.2536809742451,0.6396370828151703,0.9930405879387758,0.6351855847862201
82c3847969bf78e6.jpg,1024,768,319.63352966308594,303.13648986816406,0.31214211881160736,0.3947089711825053,0.12320529457885687
64a00fbdf5211ad5.jpg,1024,768,628.5801086425781,508.71539306640625,0.6138477623462677,0.6623898347218832,0.40660651784494206
5b131b33072bce4b.jpg,732,1024,271.2795104980469,217.09283447265625,0.37060042417765965,0.21200472116470337,0.07856903959130553
0cb623c12d2f4424.jpg,1024,681,700.9914855957031,623.9822406768799,0.6845619976520538,0.9162734811701614,0.6272460046654472
05248d3085395475.jpg,1024,1024,953.514331817627,976.6630516052246,0.9311663396656513,0.9537725113332272,0.888120858251877
1504aa2deafa7d26.jpg,1024,560,89.11316680908203,65.10638427734375,0.08702457696199417,0.1162614004952567,0.010117599195108695
875123140654416a.jpg,1024,1024,347.19635009765625,372.26463317871094,0.33905893564224243,0.3635396808385849,0.12326137724885111
8de5ef7ac44a29a2.jpg,1024,683,152.67193603515625,113.84326171875,0.14909368753433228,0.16668120310212298,0.024851115213154498
0891a43b4eda6a38.jpg,768,769,734.1500244140625,740.5232219696045,0.9559245109558105,0.9629690792842711,0.920525746180384
70955ed92f406c92.jpg,1019,1024,433.9301300048828,391.065185546875,0.4258391854807486,0.3818995952606201,0.16262781258121004
3ce64b3f6f72e622.jpg,1024,683,600.2836315631866,520.7942657470703,0.5862144839484245,0.7625099059254323,0.446994351007639
224cccb5ba179a85.jpg,1024,733,714.1762809753418,606.8629531860352,0.6974377743899822,0.8279167164884518,0.5774203921279677
1e8d8936e6734a47.jpg,765,1024,150.79898071289062,312.56591796875,0.19712285060508578,0.3052401542663574,0.06016980932812051
6f450c5a1b509871.jpg,1024,683,226.5115966796875,460.15318298339844,0.22120273113250732,0.6737235475598806,0.14902948874852728
692dad7db13ecf98.jpg,1024,768,193.39306640625,162.58782958984375,0.18886041641235352,0.21170290311177573,0.03998229843739409
53dd66c5967b5cc7.jpg,1024,683,307.0278625488281,418.76722717285156,0.29983189702033997,0.6131291759485381,0.183835683943168
6ab757d9a2c26a9c.jpg,1024,771,543.8852233886719,616.9017648696899,0.5311379134654999,0.8001319907518676,0.42498043606494357
8e9677061c8ea502.jpg,1024,768,218.88287353515625,118.89427185058594,0.21375280618667603,0.15481024980545044,0.03309112532237535
3e34a127ef920bb6.jpg,1024,731,316.4442138671875,450.05320739746094,0.3090275526046753,0.6156678623768276,0.19025833272766307
6a6908c656657f6a.jpg,1024,1024,897.2316436767578,890.2983093261719,0.8762027770280838,0.8694319427013397,0.7617986826318357
3a6d8a1fec5d6bbc.jpg,1024,362,173.9461669921875,194.8795928955078,0.1698693037033081,0.5383414168384194,0.09144768163299465
37b46213f710bb01.jpg,1024,683,786.0645294189453,664.2453060150146,0.7676411420106888,0.9725407115886012,0.7465622624957617
187b3f4917226958.jpg,1024,768,163.19863891601562,140.49700927734375,0.1593736708164215,0.182938814163208,0.029155630347993622
5a3aa3a15e49be9a.jpg,1024,685,521.6961364746094,417.2049560546875,0.5094688832759857,0.6090583300068431,0.3102962672385231
007eddaa9f8a7af6.jpg,1024,768,323.367431640625,514.7341003417969,0.31578850746154785,0.6702266931533813,0.2116498870917951
140b3c6015c225b0.jpg,1024,867,922.0304088592529,782.4534149169922,0.9004203211516142,0.9024837542295181,0.8126147118174571
2279c420335ff2b6.jpg,1024,687,812.2983589172363,587.7545623779297,0.7932601161301136,0.8555379365035367,0.6786641228645133
28325b230481f316.jpg,1024,768,468.7597961425781,657.2089614868164,0.45777323842048645,0.8557408352692922,0.3917352534098759
1e428ca113151d93.jpg,1024,683,384.2277374267578,390.12744140625,0.3752223998308182,0.5711968395406296,0.21432584890821382
2bbcca7a6e37e73b.jpg,1024,683,525.3339996337891,446.7204132080078,0.5130214840173721,0.6540562418858094,0.3355449038430832
6f10939baee726cc.jpg,683,1024,335.10399627685547,236.62847900390625,0.4906354264668455,0.2310824990272522,0.11337726045926029
8c961837e8c547b2.jpg,1024,768,559.6754302978516,555.1659317016602,0.5465580374002457,0.7228723069032034,0.3950916693520029
23f9158de77aece1.jpg,1024,768,207.04608154296875,269.0216979980469,0.20219343900680542,0.3502886692682902,0.07082607068447308
7ad08e143ba25423.jpg,1024,768,919.8626098632812,583.8891372680664,0.8983033299446106,0.7602723141511282,0.6829551514666535
4c1bbc17aaa96281.jpg,1024,768,675.8136596679688,484.04701232910156,0.6599742770195007,0.6302695473035177,0.4159616888090471
5d7c3c75c551a60b.jpg,1024,680,485.8333740234375,185.03216552734375,0.4744466543197632,0.2721061257755055,0.12909984099410127
0164408780e8a352.jpg,1024,768,620.097900390625,555.6253204345703,0.6055643558502197,0.7234704693158468,0.43810792872790694
27627c56dfbc4c15.jpg,1024,765,330.4707336425781,469.46238803863525,0.3227253258228302,0.6136763242335102,0.19804889168801634
5ae9c0ef2b76526c.jpg,1024,768,864.1739692687988,610.1170883178711,0.8439198918640614,0.7944232920805613,0.6704296187469189
0db6fa652e201eff.jpg,1024,768,577.4771423339844,545.2436065673828,0.5639425218105316,0.7099526127179464,0.4003724667821344
6832257c025dc283.jpg,1024,683,723.2332420349121,618.0968408584595,0.7062824629247189,0.9049734126771003,0.6391668507869704
2fe3a16db175ef39.jpg,685,1024,553.935694694519,856.3956604003906,0.8086652477292249,0.8363238871097565,0.6763060633514795
312139d5e8e4e57a.jpg,898,1024,261.65697479248047,198.68609619140625,0.2913774774971943,0.19402939081192017,0.05653579445509458
60450ac0d614455d.jpg,1024,768,597.3834609985352,629.6111755371094,0.583382286131382,0.8198062181472778,0.4782604257274814
464166f38c3cc42d.jpg,1024,682,393.1422424316406,510.52857971191406,0.38392797112464905,0.7485756300761204,0.2873991228884807
8da256c56bd72ebe.jpg,1024,768,815.1584930419922,582.8675842285156,0.7960532158613205,0.758942166964213,0.604158352664621
671d4eb4dec520fe.jpg,5152,3864,3605.828010559082,3240.1008911132812,0.6998889772047908,0.8385354273067498,0.5868817025677033
6669b58382308a20.jpg,768,768,418.3357849121094,682.6890869140625,0.5447080532709757,0.8889180819193522,0.48420083791966
931c73063d67fff8.jpg,1024,878,377.11181640625,349.626220703125,0.3682732582092285,0.3982075406641515,0.14664918844387093
669e2b554bcbf7ad.jpg,1024,686,357.80859375,481.7254638671875,0.3494224548339844,0.7022237082612063,0.24537273198325438
4d49851764494d0b.jpg,819,1024,795.0394287109375,1011.6734056472778,0.9707441132001678,0.9879623102024198,0.9590585966926372
4749a59d43e9c9ae.jpg,1024,768,480.2425842285156,301.474609375,0.4689868986606598,0.39254506429036456,0.18409849228608738
6249ed4dec43e1e5.jpg,1024,685,198.60162353515625,201.22705078125,0.19394689798355103,0.2937621179288321,0.056974251517375084
85a73cd72501a473.jpg,768,1024,480.3673858642578,652.0925445556641,0.6254783670107523,0.6368091255426407,0.3983103319419561
402f14a62e4c4024.jpg,1024,768,719.4247682094574,671.351318359375,0.7025632502045482,0.8741553624471029,0.6141494326245716
3ebd291afefcdf7c.jpg,1024,819,196.92715454101562,213.2474365234375,0.19231167435646057,0.26037538037049757,0.05007322536025068
733952685a24bbd5.jpg,1024,768,727.5152282714844,603.2444763183594,0.7104640901088715,0.7854745785395304,0.5580514817457367
13df5eb5f73627a6.jpg,1024,768,457.39691162109375,535.5971069335938,0.44667667150497437,0.6973920663197836,0.31150876691769724
21720848efe792cb.jpg,1024,609,129.483154296875,277.9637756347656,0.126448392868042,0.45642656097662665,0.057714405097781814
83d3e7875da795e6.jpg,1024,768,333.26031494140625,561.2292022705078,0.32544952630996704,0.7307671904563904,0.23782783597689772
00375b535bde938b.jpg,680,1024,620.2330322265625,529.060302734375,0.9121074003331802,0.5166604518890381,0.47124982162747664
867cfd35fce6e553.jpg,1024,1024,519.3958435058594,404.9956359863281,0.5072225034236908,0.39550355076789856,0.2006083011334523
65fd72672e63eea8.jpg,1024,678,770.2541351318359,573.2418060302734,0.7522013038396835,0.845489389425182,0.6359782211082399
89669fa0a7fe72b4.jpg,1024,819,243.63339233398438,322.2146911621094,0.23792323470115662,0.3934245313334669,0.09360483710564499
3aa98ad6c5ad495e.jpg,1024,1024,242.74981689453125,413.5066223144531,0.23706036806106567,0.40381506085395813,0.09572854695464095
81251af94c2324c7.jpg,1024,768,203.66600036621094,271.8013610839844,0.19889257848262787,0.3539080222447713,0.07038967908994978
2404154a7f79bc56.jpg,1024,768,259.5372619628906,174.08929443359375,0.2534543573856354,0.22667876879374185,0.05745272167758486
90a0f135a2daeb12.jpg,768,1024,218.32901000976562,324.6798505783081,0.2842825651168823,0.317070166580379,0.09013752027750732
28aae2ca8fd78414.jpg,1024,768,781.4597625732422,643.1786918640137,0.7631442993879318,0.8374722550312678,0.6391121773226682
22e2e1d8c1146fa8.jpg,1024,768,749.5743255615234,542.3350296020508,0.7320061773061752,0.7061654031276703,0.5169174372893601
02513881f30d0a0c.jpg,768,1024,159.63491821289062,179.157958984375,0.20785796642303467,0.1749589443206787,0.03636661037401723
7913f66fab72bb76.jpg,683,1024,206.10467529296875,183.57244873046875,0.30176379984329244,0.1792699694633484,0.05409718718305101
3899d86c48438b34.jpg,1024,700,91.16853332519531,162.46881103515625,0.08903177082538605,0.23209830147879465,0.020664122786221404
8a1474a4928d98ba.jpg,765,1024,135.23165893554688,129.78143310546875,0.17677341037326388,0.12673968076705933,0.022404205598811837
5e63f984698adea2.jpg,1024,796,162.87158203125,157.68295288085938,0.15905427932739258,0.19809416191062734,0.03150772416165865
0537850f77ade7f3.jpg,1024,682,357.47967529296875,174.28509521484375,0.3491012454032898,0.25554999298364184,0.08921282081339134
908396074c653c66.jpg,1024,768,615.7518615722656,333.3404235839844,0.6013201773166656,0.4340370098749797,0.26099521174001816
13e54028940ddc56.jpg,1024,881,875.1241798400879,776.8620948791504,0.8546134568750858,0.8817957944144726,0.753594552122465
14fca39d4075b999.jpg,1024,768,319.1072998046875,333.10980224609375,0.31162822246551514,0.43373672167460126,0.13516460359347587
2f3646f15253ac96.jpg,1024,768,809.5480346679688,754.2908477783203,0.7905742526054382,0.9821495413780212,0.7764621396217031
4e9570d0e7286131.jpg,1024,679,797.2780151367188,629.6556816101074,0.7785918116569519,0.9273279552431626,0.7220099526729108
21bd871ad3ce83de.jpg,1024,768,898.8568644523621,610.5497827529907,0.8777899066917598,0.7949866962929567,0.6978312979601848
92b7f6a12d98cca6.jpg,1024,749,145.501953125,153.41802978515625,0.1420917510986328,0.2048304803540137,0.029104721631875913
16be54c66ef2f1e5.jpg,1024,683,804.7658538818359,653.3121223449707,0.7859041541814804,0.9565331220277755,0.7517433542138097
83316b2cc49cba12.jpg,1024,680,103.53598022460938,73.366943359375,0.10110935568809509,0.10789256376378677,0.010908947605693196
48bab370279a5f87.jpg,768,1024,705.2524147033691,693.3263778686523,0.9182974149783453,0.6770765408873558,0.6217576372393387
57c0c8c28a1f1d9e.jpg,1024,683,209.84890747070312,159.75909423828125,0.20493057370185852,0.2339078978598554,0.0479348797018159
53b8e6e239ee0ca2.jpg,1024,768,714.8217926025391,633.688663482666,0.698068156838417,0.8251154472430547,0.5759868194358654
897496223b74a3f4.jpg,1024,768,197.51651000976562,233.28826904296875,0.19288721680641174,0.3037607669830322,0.058591568918338055
6a712fc44243fd39.jpg,1024,682,419.6882629394531,597.8465194702148,0.4098518192768097,0.8766077998096992,0.3592793015442466
757e32518e12b377.jpg,1024,683,324.1422119140625,213.69430541992188,0.31654512882232666,0.3128759962224332,0.0990393725296439
02c14babb397b073.jpg,1024,768,925.8250390030444,622.5555572509766,0.9041260146514105,0.8106192151705424,0.7329019204119966
00b8f86ac43840fd.jpg,1024,679,592.4438781738281,238.6418914794922,0.578558474779129,0.35146081219365566,0.20334063144739534
05c088197b03d005.jpg,1024,1024,52.5445556640625,94.73577880859375,0.051313042640686035,0.09251540899276733,0.0047472471265663785
58475c5cfdb224e5.jpg,1024,768,343.3878479003906,403.33062744140625,0.3353396952152252,0.525170087814331,0.17611037718381084
3c4e932cf71eeb00.jpg,1024,681,268.66156005859375,344.6761932373047,0.26236480474472046,0.5061324423455281,0.13279133941095297
796fe1ef46c8e464.jpg,1024,683,765.793212890625,595.2548294067383,0.747844934463501,0.8715297648707735,0.651769119892774
64c10db500e4f9e8.jpg,1024,1024,961.5984253883362,986.905704498291,0.939060962293297,0.9637751020491123,0.90504357476456
288b7f67eccc6c2d.jpg,1024,768,312.9928283691406,386.61375427246094,0.3056570589542389,0.5034033258756002,0.15386878005491827
06824f83ae947bf2.jpg,1000,1024,965.9193267822266,897.5955352783203,0.9659193267822266,0.8765581399202347,0.8466844483972339
3d8decf1d7fc0fec.jpg,1024,768,140.97381591796875,129.90118408203125,0.13766974210739136,0.16914216677347818,0.023285758479190122
27a8928e504ce4bb.jpg,1024,768,215.5897216796875,155.96084594726562,0.21053683757781982,0.2030740181605021,0.042754561577732865
8a7e4fd30c9f1152.jpg,1024,681,371.0433349609375,480.6661071777344,0.3623470067977905,0.7058239459291253,0.25575319413362413
79b10b71ccc195ef.jpg,1024,682,698.5575942993164,606.766040802002,0.6821851506829262,0.8896862768357799,0.6069307668237481
06d2718c066b2780.jpg,1024,683,344.34361267089844,226.657958984375,0.33627305924892426,0.3318564553211933,0.11159438546236161
80acdcf08c7a5df7.jpg,1024,768,258.08741760253906,383.3599548339844,0.25203849375247955,0.4991666078567505,0.12580919997575002
600ee8dd14b07c96.jpg,1024,819,504.0654296875,730.0502853393555,0.4922513961791992,0.8913922897916429,0.43878909919330955
1a055b5fa8441b1a.jpg,1024,683,413.33477783203125,269.5905456542969,0.403647243976593,0.3947152937837436,0.15932574049121934
4267ae5c108a8f0c.jpg,1024,683,600.9556274414062,638.5569496154785,0.5868707299232483,0.9349296480460886,0.5486828449756936
0262a65dc9ad7e7e.jpg,682,1024,414.0239715576172,667.5124969482422,0.6070732720786176,0.6518676728010178,0.3957314410895875
558b6d1e96c08887.jpg,1024,768,979.3680438995361,533.7758331298828,0.9564141053706408,0.6950206160545349,0.6647275207179496
6e132c8a642c4b1c.jpg,1024,680,255.48764038085938,612.6156921386719,0.24949964880943298,0.900905429615694,0.224775588299627
014d42d86cb091d8.jpg,1024,685,289.05145263671875,231.50018310546875,0.28227680921554565,0.3379564716868157,0.09539727448149823
681fcbe17761dff2.jpg,1024,768,98.7872314453125,223.031005859375,0.09647190570831299,0.2904049555460612,0.028015919488666444
40f3092ce6e5dbd3.jpg,705,1024,194.0810546875,386.66302490234375,0.27529227615248225,0.37760061025619507,0.10395053147399427
46b3d96cdd991791.jpg,1024,683,563.6461791992188,599.1163864135742,0.5504357218742371,0.8771835818646767,0.4828331780999122
8b22da64c4bfd222.jpg,576,1024,299.04335021972656,168.49066162109375,0.5191724830203586,0.16454166173934937,0.08542550308551394
02e4580b6123b523.jpg,1024,768,674.7910614013672,712.5326232910156,0.6589756458997726,0.9277768532435099,0.6113823511170005
58f1156f9cf310ea.jpg,1024,681,581.4949645996094,582.4892883300781,0.567866176366806,0.8553440357269869,0.4857209470464368
6ba5e7d4ae76f3a2.jpg,1024,683,494.790807723999,533.3618927001953,0.4831941481679678,0.7809105310398174,0.37733139884117994
5b84945b90651545.jpg,1024,1024,805.3546142578125,551.9739685058594,0.786479115486145,0.5390370786190033,0.4239414048065093
77878caadc9fb9e2.jpg,768,1024,292.6159210205078,433.9591979980469,0.3810103138287862,0.42378827929496765,0.1614677052911369
83c677e26b638ebf.jpg,1024,683,107.23666381835938,167.55975341796875,0.10472330451011658,0.2453290679618869,0.025691670689355767
635d0e00c6eaf9d6.jpg,1024,576,89.40203857421875,159.90084838867188,0.0873066782951355,0.27760563956366646,0.024236826266300367
29b70edf7c617f4d.jpg,1024,640,239.88995361328125,315.78167724609375,0.23426753282546997,0.4934088706970215,0.11558967881239256
02895ca147516cf2.jpg,768,1024,566.8914642333984,585.6227722167969,0.7381399273872375,0.5718972384929657,0.4221401860941594
503450c1ad4cc8af.jpg,1024,683,131.338623046875,136.84625244140625,0.12826037406921387,0.20036054530220535,0.02569831848917253
5138fbe79cb1eefc.jpg,1024,768,129.079833984375,184.59957885742188,0.1260545253753662,0.2403640349706014,0.030298974345527085
3d7d6eb88d7a740d.jpg,1024,1024,691.4832000732422,777.7544250488281,0.6752765625715256,0.7595258057117462,0.5128899752653964
75bbb3044843773c.jpg,1024,679,130.68505859375,185.68951416015625,0.12762212753295898,0.27347498403557624,0.034901459289662234
817aebace81efe0a.jpg,1024,683,552.7373962402344,667.6225671768188,0.5397826135158539,0.9774854570670847,0.5276296546894099
2e98e1eaa6b03146.jpg,1024,680,576.9147796630859,557.3401184082031,0.5633933395147324,0.819617821188534,0.46176722140519694
739b8ddf796d854a.jpg,1024,680,363.19740295410156,541.0737152099609,0.3546849638223648,0.7956966400146485,0.2822216339771728
06819f397151e00d.jpg,1024,768,581.5123748779297,422.15900391340256,0.5678831785917282,0.5496862030122429,0.3121575481946105
6015b2a79c54333c.jpg,1024,768,394.4432144165039,155.47402954101562,0.3851984515786171,0.20244014263153076,0.07797962947902004
829e5be46943d710.jpg,1024,768,656.1590270996094,533.4019927978516,0.6407802999019623,0.6945338447888693,0.44504360535587456
5d4291d65a282324.jpg,1024,577,490.9412841796875,410.5734558105469,0.4794348478317261,0.7115657813007745,0.3411494320802001
27365f84e5259e17.jpg,686,1024,141.39755249023438,101.0152587890625,0.20611888118109967,0.09864771366119385,0.020333156370918756
217771f2676cfaf5.jpg,1024,768,381.73944091796875,228.8608660697937,0.37279242277145386,0.29799591936171055,0.11109062075485887
5fdd40dce94e8059.jpg,1024,768,275.24951171875,352.9010314941406,0.2687983512878418,0.4595065514246623,0.12351460342891112
3b600c81e53f188f.jpg,768,791,699.585205078125,768.2323188781738,0.9109182357788086,0.9712165851810036,0.8846988983321988
572e1cfc9d1a571c.jpg,1024,819,99.88189697265625,148.264404296875,0.09754091501235962,0.18103101867750304,0.017657931207423212
3e307b9613b29a8e.jpg,1024,768,443.18829345703125,675.7334747314453,0.4328010678291321,0.8798612952232361,0.3808049081141398
004f138ad0d084ae.jpg,683,1024,138.1028594970703,166.87353515625,0.2022003799371454,0.1629624366760254,0.03295106661137533
37dedab240f19b1f.jpg,1024,643,146.265625,163.34890747070312,0.1428375244140625,0.2540418467662568,0.03628670848966873
76b531819a26f188.jpg,1024,683,192.8226318359375,224.59835815429688,0.18830335140228271,0.3288409343401126,0.0619218500145012
8b802626213f230c.jpg,683,1024,257.3577423095703,413.90130615234375,0.37680489357184527,0.4042004942893982,0.15230472423240393
2dfe2460dad05e62.jpg,1024,681,649.530517578125,546.0936279296875,0.6343071460723877,0.8018996004841226,0.5086506470196717
07846ca6dd4e0c90.jpg,1024,768,854.4797897338867,337.6234130859375,0.8344529196619987,0.43961381912231445,0.3668370348903771
009be6f37929b268.jpg,1024,768,456.2530212402344,200.33477783203125,0.4455595910549164,0.260852575302124,0.11622536677723616
538f24a9c1b4ece1.jpg,1024,751,1004.364013671875,705.4600162506104,0.9808242321014404,0.9393608738356996,0.921347907746038
2a3c98020a2a9cfc.jpg,1024,626,257.8576354980469,345.4341506958008,0.2518140971660614,0.5518117423255604,0.1389539756993423
12acf5720e9910ad.jpg,768,1024,427.0573682785034,338.080078125,0.5560642816126347,0.3301563262939453,0.1835881404005093
5e1501517ff9876a.jpg,1024,651,831.9413757324219,285.9633026123047,0.8124427497386932,0.4392677459482407,0.3568798953897064
0e0c496f45edd18e.jpg,1024,678,801.5734710693359,656.0789079666138,0.7827865928411484,0.9676680058504628,0.7574775413010721
83108b131e220b6a.jpg,1024,683,524.1427154541016,346.8677673339844,0.5118581205606461,0.5078591029780152,0.25995180595994244
60f0982f9bfa35c5.jpg,1024,768,984.6823387145996,608.6674499511719,0.9616038464009762,0.7925357421239217,0.7621054180366154
3e4350e3bfba762e.jpg,1024,768,816.5342712402344,593.4181213378906,0.7973967492580414,0.772679845492045,0.6161323970125624
0ed8e2ec006e1845.jpg,870,1024,814.9438390731812,980.3403282165527,0.9367170564059554,0.9573636017739773,0.8967788149639233
3fcef47ea5095235.jpg,1024,683,279.87548828125,256.10308837890625,0.2733159065246582,0.3749679185635523,0.10248469657986152
6182ec5968bfed1a.jpg,1024,731,457.54957580566406,300.75927734375,0.4468257576227188,0.4114353999230506,0.1838399342834234
2eff3ae249ec9ce6.jpg,1024,681,576.561767578125,333.34352111816406,0.5630486011505127,0.48949122043783266,0.27560734694297895
6ad7379b54537201.jpg,1024,768,793.0690116882324,742.7849975824356,0.7744814567267895,0.9671679656021297,0.7490536548990229
712967956e696780.jpg,1024,683,602.0565490722656,670.9719399213791,0.5879458487033844,0.9823893703094863,0.5775917520837943
1e64769c2504205f.jpg,681,1024,290.2043151855469,484.84515380859375,0.42614436884808643,0.47348159551620483,0.20177151568243806
677e1ac2a4a83a25.jpg,1024,681,585.483814239502,564.4489133358002,0.5717615373432636,0.8288530298616743,0.4739062825853329
91741df5d0b05e71.jpg,801,1024,399.3024101257324,662.1709289550781,0.4985048815552215,0.6466512978076935,0.3223588286211545
53e281027435ac55.jpg,1024,756,360.8895263671875,587.5291442871094,0.35243117809295654,0.7771549527607267,0.2738936355622389
85f9d7c2f2dad013.jpg,1024,683,421.62237548828125,217.89614868164062,0.41174060106277466,0.31902803613710196,0.13135679535496694
0f07dc7775380c8b.jpg,1024,626,100.33804321289062,152.14315795898438,0.0979863703250885,0.2430401884328824,0.023814625907663704
23fc85788ab00a98.jpg,1024,1024,515.2272338867188,265.0167236328125,0.5031515955924988,0.25880539417266846,0.13021834702592372
6f6511e9c6328adf.jpg,1024,1024,595.2507629394531,768.8353729248047,0.5812995731830597,0.7508157938718796,0.4364489005168237
4c02b7fc3820e280.jpg,1024,768,973.7475738525391,693.6648635864258,0.9509253650903702,0.9032094577948252,0.8588847834066194
194f03a35b97ae77.jpg,841,1024,444.04795837402344,512.3973388671875,0.5279999505041896,0.5003880262374878,0.26420485308628266
6cb8103f2445d957.jpg,1024,678,702.08642578125,619.9013023376465,0.685631275177002,0.9143087055127529,0.6268786436661428
3ca927e5a1010047.jpg,1024,768,264.8797912597656,252.34597778320312,0.25867167115211487,0.3285754919052124,0.08499317159074948
863e5f17811fcbc4.jpg,1024,768,312.63055419921875,143.79696655273438,0.30530327558517456,0.1872356335322062,0.0571636522236479
10fac4f3d784da16.jpg,1024,680,802.59521484375,549.4648895263672,0.7837843894958496,0.8080366022446577,0.6333264749806297
4a5b5f731233e3ae.jpg,768,773,179.25543212890625,257.20526123046875,0.23340551058451334,0.3327364310872817,0.07766251658799572
80e61b28196fcc1d.jpg,1024,673,517.1086578369141,386.06158447265625,0.5049889236688614,0.5736427703902768,0.28968324518980965
00251c7d87cd86fa.jpg,1024,819,759.3882789611816,465.2157440185547,0.741590116173029,0.5680289914756468,0.4212446857780734
414ac2a61941822a.jpg,1024,768,793.8449554443359,691.0687084197998,0.7752392143011093,0.8998290474216143,0.6975827637284479
5e7966fad814dcf1.jpg,683,1024,234.986083984375,475.3488464355469,0.3440499033446193,0.46420785784721375,0.15971066862414668
8498818dd9286ee8.jpg,1024,683,139.3919677734375,180.7774658203125,0.13612496852874756,0.26468150193310763,0.03602976112078591
540e3f1e57e5e6d4.jpg,1024,768,976.0204086303711,723.3196902275085,0.9531449303030968,0.9418225133170685,0.8976933538134847
734cafbc88cf7f29.jpg,1024,768,248.30288696289062,251.65383911132812,0.24248328804969788,0.3276742696762085,0.07945553432037045
84de6f1fd0d42492.jpg,1024,768,409.50930881500244,540.4232635498047,0.3999114343896508,0.7036761244138082,0.28140812826007644
665b816fdd042ccd.jpg,1024,768,381.12347412109375,236.54449462890625,0.3721908926963806,0.308000644048055,0.11463503465930576
56fb9018e1ae52b6.jpg,1024,606,1004.2453002929688,528.3527145385742,0.9807083010673523,0.871869165905238,0.8550493284479355
6a059c3223aaf0b5.jpg,684,1024,433.2156219482422,616.0472106933594,0.6333561724389506,0.6016086041927338,0.38103252285784944
2b8940c800f566ec.jpg,1024,683,225.3787841796875,419.1995086669922,0.22009646892547607,0.6137620917525508,0.1350868691550505
37e05c1314fa3ca9.jpg,683,1024,455.19249725341797,602.7113189697266,0.66646046449988,0.5885852724313736,0.3922688140624016
4921a33198a85ab1.jpg,1024,678,257.27335357666016,188.2040557861328,0.2512435093522072,0.2775871029293994,0.06974195789089466
1d388c54506af9d7.jpg,1024,683,673.6570739746094,615.4961242675781,0.6578682363033295,0.9011656285030426,0.5928482426404781
29424b7a1926ec4e.jpg,768,768,150.41851806640625,268.024658203125,0.19585744539896646,0.34899044036865234,0.06835237611926459
4155533b769c4a8f.jpg,1024,744,703.2166137695312,437.5429382324219,0.6867349743843079,0.5880953470865885,0.403865643117039
0f1143d2e863a311.jpg,1024,680,567.4864959716797,617.0513305664062,0.5541860312223434,0.9074284273035386,0.5028841587456808
08b4b7eff6e628ec.jpg,1024,768,192.73175048828125,279.0096130371094,0.18821460008621216,0.36329376697540283,0.068377191065089
9062692ff817e1f2.jpg,1024,768,427.9620361328125,192.67324829101562,0.4179316759109497,0.2508766253789266,0.10484928849149829
75f91d9b3546b630.jpg,1024,1024,505.6724853515625,787.47412109375,0.49382078647613525,0.7690176963806152,0.3797569236407412
56b29846e31b2657.jpg,1024,768,697.7483978271484,596.3031921386719,0.6813949197530746,0.776436448097229,0.5290598512445737
28ce651b5883f252.jpg,1024,768,480.07061767578125,731.2742500305176,0.4688189625740051,0.9521800130605698,0.44640004590675897
736fb428bc297fbe.jpg,1024,1024,681.92835521698,779.1646881103516,0.665945659391582,0.7609030157327652,0.5067200605451996
64665115f82d67bb.jpg,1024,683,378.5427551269531,370.69342041015625,0.36967065930366516,0.5427429288582083,0.2006361363434161
88d1b87e621fd2f7.jpg,1024,683,621.0753784179688,345.2779541015625,0.6065189242362976,0.5055314115689056,0.30661436791242963
334a60b961513a7d.jpg,1024,1024,876.6568698883057,902.7370071411133,0.8561102245002985,0.8815791085362434,0.7547288885237364
776fe70efc5a7d92.jpg,1024,682,122.19732666015625,217.94384765625,0.11933332681655884,0.31956575902675954,0.038134845161321984
61f9204dfb5b4094.jpg,1024,768,174.86529541015625,288.6533508300781,0.1707668900489807,0.37585071722666424,0.06418285810347632
0046b41cb4833f46.jpg,1024,768,772.6485595703125,550.4388961791992,0.7545396089553833,0.7167173127333323,0.5407916008813617
83b9fd46269d080f.jpg,1024,1024,111.87295532226562,191.9754638671875,0.10925093293190002,0.1874760389328003,0.020481932155785643
0107e5ab668e13ae.jpg,768,801,440.1541290283203,609.0388298034668,0.5731173555056254,0.7603481021266751,0.4357686935545612
5dec8098eb9a40d7.jpg,771,1024,658.3270721435547,856.3843688964844,0.8538613127672564,0.836312860250473,0.7140951967376079
057e78d90b41b78a.jpg,768,1024,129.67379760742188,221.2947998046875,0.1688460906346639,0.21610820293426514,0.036489025219533275
5e8b52fc3216531d.jpg,1024,768,653.952880859375,539.7958526611328,0.6386258602142334,0.7028591831525167,0.4488640504502494
78c42164b7eda0fc.jpg,1024,681,300.5765380859375,217.85549926757812,0.29353177547454834,0.31990528526810297,0.09390236636843814
8c4690b93e649cd2.jpg,1024,768,234.74893188476562,478.0291442871094,0.22924700379371643,0.6224337816238403,0.1426910794972578
1686957e4341b380.jpg,1024,768,141.50115966796875,119.46002197265625,0.13818472623825073,0.1555469036102295,0.021494206292587137
568c7a2d8bb0a638.jpg,683,1024,520.1103935241699,747.0625305175781,0.7615086288787261,0.7295532524585724,0.5555610969737426
8d77d1836faa782a.jpg,1024,768,143.85338592529297,171.02813720703125,0.14048182219266891,0.22269288698832193,0.03128430255346555
7a88db74b7a90643.jpg,1024,1024,846.858772277832,854.9235534667969,0.8270105198025703,0.8348862826824188,0.6904597386172229
7d1bd004346260b9.jpg,1024,681,470.17713928222656,390.4762191772461,0.4591573625802994,0.5733865186156331,0.2632746416266538
095203d24cd73163.jpg,681,1024,210.1988983154297,344.81378173828125,0.3086621120637734,0.3367322087287903,0.10393647474612781
6683869b6a860a64.jpg,1024,995,683.3506011962891,633.5982894897461,0.667334571480751,0.6367822004922071,0.42494677689203675
85d9797b41393bf9.jpg,1024,768,287.93131256103516,426.3529052734375,0.2811829224228859,0.5551470120747884,0.15609785922952213
92b5b7c04e27d1a0.jpg,1024,713,572.2217712402344,517.0156803131104,0.5588103234767914,0.7251271813648111,0.40520855478028406
183c75dcb60b3e5e.jpg,851,1024,374.9795837402344,370.475341796875,0.4406340584491591,0.36179232597351074,0.15941802090946916
63d21d670344ea2e.jpg,1024,768,275.4234924316406,380.2123718261719,0.26896825432777405,0.49506819248199463,0.13315762750508853
729d5d73bbb246be.jpg,1024,768,146.40713500976562,319.8971252441406,0.14297571778297424,0.4165327151616414,0.05955406393032684
1e79a0a01c8b52a4.jpg,1024,680,404.33343505859375,509.7296142578125,0.39485687017440796,0.7496023739085478,0.29598564723683546
423b4eb42247c0f6.jpg,1024,683,437.3611145019531,229.21426391601562,0.4271104633808136,0.335599215103976,0.14333793627329652
0492c06e63df2447.jpg,1024,793,313.1711730957031,168.802734375,0.3058312237262726,0.21286599542875156,0.06510106787168624
0000b9fcba019d36.jpg,1024,768,769.7182922363281,360.18670654296875,0.7516780197620392,0.4689931074778239,0.3525318103109759
6f51ecb5ef88f062.jpg,1024,716,168.627197265625,148.35736083984375,0.16467499732971191,0.20720301793274268,0.03412115642478265
90e1252c3eed8474.jpg,1024,768,58.68084716796875,167.52468872070312,0.05730551481246948,0.21813110510508218,0.012500115274659624
306f9357ff7b0449.jpg,1024,768,672.4348754882812,646.8284759521484,0.6566746830940247,0.8422245780626932,0.5530675578933177
8b7dbbeb44f76c84.jpg,1024,681,299.300537109375,492.21778869628906,0.292285680770874,0.7227867675422747,0.21126022240327322
032ca984f049d816.jpg,1024,683,679.0007095336914,457.8247375488281,0.6630866304039955,0.670314403438987,0.4444765190876223
7fbcfa84bf704dda.jpg,1024,575,246.62460327148438,344.9670104980469,0.24084433913230896,0.599942626953125,0.14449278550582675
2174bd4c2c60d4f5.jpg,1024,819,179.88824462890625,206.197265625,0.17567211389541626,0.2517671130952381,0.04422846096678681
843cbe3c1e1e5b35.jpg,768,768,376.01686096191406,495.5005798339844,0.4896052877108256,0.6451830466588339,0.3158850311855454
5b9dcfd3d7504dae.jpg,1024,768,140.62921142578125,166.10250854492188,0.1373332142829895,0.21627930800120035,0.029702332550705535
1bfc43e34d7004b7.jpg,1024,539,360.7027893066406,197.27459716796875,0.35224881768226624,0.36600110791830937,0.128923457534624
136b3bc020d95952.jpg,683,1024,354.444580078125,434.61944580078125,0.5189525330572841,0.42443305253982544,0.22026060772877776
7a5e4642a0ed2dc4.jpg,768,1024,122.75390625,357.0753173828125,0.1598358154296875,0.34870636463165283,0.05573576613642217
7c7f15590648cee2.jpg,1024,768,527.1268615722656,594.3642311096191,0.5147723257541656,0.7739117592573166,0.3983883562413868
050b10dd5391b7c0.jpg,947,1024,852.1047058105469,857.2147827148438,0.8997937759351076,0.8371238112449646,0.753238795045295
07dfb9c6e1f1e2ed.jpg,1024,683,475.8494873046875,495.3291931152344,0.4646967649459839,0.7252257585874589,0.3370100638710892
4a1e09f0991ef1e4.jpg,1024,683,264.1085205078125,179.66632080078125,0.25791847705841064,0.2630546424608803,0.06784665276665497
9003177efa5e9a9d.jpg,1024,770,383.2576599121094,475.14329528808594,0.3742750585079193,0.6170692146598519,0.2309536164202519
49240bf81669dcc5.jpg,1024,691,709.0228729248047,413.9749755859375,0.6924051493406296,0.5990954784166969,0.4148167942024089
2fbdbdfd1f2ddc0a.jpg,672,1024,340.4220428466797,531.90234375,0.5065804209027972,0.5194358825683594,0.26313604802349544
5f49b68ad8b6093e.jpg,1024,682,196.95968627929688,195.05276489257812,0.19234344363212585,0.2860011215433697,0.055010440600301906
280a57587e120562.jpg,1024,685,377.0879440307617,410.72535705566406,0.36824994534254074,0.59959906139513,0.22080232158619534
58e8ce079239730c.jpg,1024,683,545.714111328125,483.1301956176758,0.5329239368438721,0.7073648544914726,0.37697166304058827
3b6632959ca3eaef.jpg,660,1024,619.3141937255859,725.1901931762695,0.9383548389781605,0.7081935480237007,0.6645368427211519
2883b26c8ef5e73a.jpg,1024,693,196.5597381591797,310.0518035888672,0.1919528692960739,0.44740519998393535,0.08588071187490015
64486ec26cb08f85.jpg,1024,683,76.48638916015625,165.043212890625,0.07469373941421509,0.24164452839037334,0.018049333434461447
539aea8f84219563.jpg,1024,682,297.2487487792969,407.32962799072266,0.2902819812297821,0.5972575190479804,0.17337309593363207
24728cbded35abca.jpg,1024,680,806.7476196289062,525.5214996337891,0.7878394722938538,0.7728257347555721,0.6088626190449398
21fb1bebb7d6261c.jpg,1024,683,159.74996185302734,129.01467895507812,0.15600582212209702,0.18889411267214953,0.02946858134144271
8b14d57416fa6c01.jpg,1024,683,724.06494140625,489.4003448486328,0.707094669342041,0.7165451608325517,0.5066652635675327
72c688f93cd5ffc8.jpg,1024,819,290.6448059082031,312.334228515625,0.2838328182697296,0.3813604743780525,0.10824261821940365
8685982afc9cd505.jpg,1024,1024,959.7483940124512,948.0929565429688,0.9372542910277843,0.9258720278739929,0.8677775310674962
12564d430a017e3a.jpg,1024,577,507.92303466796875,557.9341125488281,0.49601858854293823,0.9669568675023018,0.4796285806003927
825318395e602a97.jpg,1024,768,462.088623046875,303.7943115234375,0.45125842094421387,0.3955655097961426,0.17850226733060026
73e884288021c276.jpg,768,1024,407.9990882873535,626.5217895507812,0.5312488128741583,0.6118376851081848,0.32503804388539626
261766425067ed94.jpg,1024,707,534.7661743164062,600.6716384887695,0.5222325921058655,0.8496062779190516,0.44369208878708266
0acbf8e8fd592730.jpg,909,768,155.44363403320312,153.15927124023438,0.17100509794631807,0.19942613442738852,0.03410288565081117
8af5cfd4cbc84833.jpg,1024,768,200.17440795898438,410.58978271484375,0.19548282027244568,0.5346221129099528,0.10450943841165146
6f3391c0ab77603a.jpg,768,1024,433.3089747428894,490.225830078125,0.5642043941964706,0.47873616218566895,0.27010504636590865
4c9c31edde932975.jpg,1024,775,621.2527236938477,652.860481262207,0.6066921129822731,0.842400620983493,0.5110778127220543
7f2abb38cdde6130.jpg,1024,683,631.4015197753906,530.5056190490723,0.6166030466556549,0.7767285784027412,0.478933207867646
45c855ce449fb07c.jpg,732,1024,637.3850250244141,544.6534729003906,0.8707445697054836,0.5318881571292877,0.4631387245109843
5800269f3b2dc6cc.jpg,1024,881,979.6961784362793,870.2915332317352,0.956734549254179,0.9878451001495292,0.9451055366245091
14e33e63231d1ae1.jpg,681,1024,460.95540618896484,736.3219909667969,0.6768801852995079,0.7190644443035126,0.48672047430244925
895fd12046b798e0.jpg,1024,680,558.8287353515625,547.7826461791992,0.5457311868667603,0.8055627149694106,0.4396206965358661
5df04edb0189619b.jpg,1024,768,452.2987060546875,632.1671361923218,0.44169795513153076,0.8231342919170856,0.36357673353841724
25011c83f7d8d9c9.jpg,1024,1024,230.31063842773438,384.1380424499512,0.22491273283958435,0.37513480708003044,0.0843725946436199
4dce96af42353440.jpg,681,1024,622.346691608429,870.0533599853516,0.9138717938449764,0.8496614843606949,0.7764816648736936
56f60d1f839b9f49.jpg,1024,703,178.889892578125,503.0594024658203,0.1746971607208252,0.7155894771917786,0.12501144990710342
191b250ab41f4fba.jpg,541,1024,196.31956481933594,217.6356964111328,0.36288274458287606,0.2125348597764969,0.0771252332352319
7a8e8a5a41992aa8.jpg,1024,1024,555.3204956054688,734.7165985107422,0.5423051714897156,0.7174966782331467,0.3891021591325279
3b0326a35be4b4a9.jpg,1024,648,759.8844909667969,569.4894561767578,0.7420746982097626,0.8788417533591941,0.6521662288981626
4b63c0eb2d20e151.jpg,1024,685,239.20587158203125,253.43795776367188,0.2335994839668274,0.3699824200929516,0.08642770241051145
7b503ac05ecb1ee8.jpg,1024,768,252.547607421875,340.5135803222656,0.2466285228729248,0.4433770577112834,0.10934942881907736
06e699dda90f0b24.jpg,1024,768,572.4385356903076,518.5572509765625,0.559022007510066,0.6752047538757324,0.377454316991952
15ad58141f69d5b2.jpg,651,1024,62.56842041015625,134.31198120117188,0.09611124486967165,0.1311640441417694,0.012606339564606021
7b123147c7347a04.jpg,1024,683,911.8386459350586,615.0146369934082,0.8904674276709557,0.9004606690972302,0.8018308957298782
2fa2e45731aa7834.jpg,1024,686,624.2095353603363,425.44854736328125,0.6095796243753284,0.6201873868269406,0.378053594304283
52ccbb45c1061c35.jpg,835,1024,713.047966003418,973.6599884033203,0.8539496598843329,0.9508398324251175,0.8119693515039051
7d0894cbe0e96039.jpg,1024,685,660.4631958007812,524.1962738037109,0.6449835896492004,0.765250034749943,0.4935737143921936
5daf9284813527c9.jpg,1024,683,822.0348320007324,547.7952308654785,0.8027683906257153,0.8020427977532628,0.6438546059653328
00bd3f67d6e5d850.jpg,683,1024,288.5751037597656,178.22183227539062,0.42251113288399067,0.17404475808143616,0.07353584790950768
34022b01b28397ff.jpg,1024,768,518.6725158691406,618.5806732177734,0.5065161287784576,0.8054435849189758,0.40797016658260254
7f387ad8bca79808.jpg,1024,1024,474.09918212890625,406.4662322998047,0.46298748254776,0.396939679980278,0.1837781031573824
43f14a93d13baed3.jpg,1024,768,383.7919921875,287.90574645996094,0.37479686737060547,0.37487727403640747,0.14050282795727753
8da8eddd0cd64d6f.jpg,768,1024,391.6462526321411,647.9504089355469,0.5099560581147671,0.63276407122612,0.32268187147912386
07282e9aa0d8fc68.jpg,765,1024,353.7642517089844,513.9121170043945,0.46243693033854166,0.501867301762104,0.23208197446415396
2403b79bc8064061.jpg,1024,683,158.78994750976562,417.6706848144531,0.1550683081150055,0.6115236966536649,0.09482794501231766
7079a26e04cf706c.jpg,1024,685,251.01925659179688,250.98590087890625,0.24513599276542664,0.36640277500570256,0.08981850800303015
7646f0fe2328ae91.jpg,1024,683,1009.4562377929688,673.1902747154236,0.985797107219696,0.9856372982656275,0.9716383973980923
0009450a8ed12bd4.jpg,1024,768,76.75540161132812,153.108154296875,0.07495644688606262,0.1993595759073893,0.014943285462730197
6c7d482e9926e834.jpg,1024,683,360.1773681640625,358.12446212768555,0.3517357110977173,0.5243403545061281,0.18442922744944215
29a49809fc5bc6ac.jpg,1024,768,905.0021133422852,756.5852613449097,0.8837911263108253,0.9851370590428511,0.8706553909820154
0e8538b378d54f7e.jpg,1024,768,522.3638305664062,530.1546611785889,0.5101209282875061,0.6903055484096209,0.3521393071567318
5cad864e2e350674.jpg,1024,680,570.1688842773438,672.638427734375,0.5568055510520935,0.9891741584329045,0.5507776623727242
2957dcf7603102dd.jpg,1024,682,455.20874786376953,315.0937194824219,0.44453979283571243,0.4620142514405013,0.2053837196225072
32c10462a51dadee.jpg,853,1024,645.8433609008789,816.9021148681641,0.7571434477149811,0.7977559715509415,0.6040157067352943
5291dfa31df81558.jpg,1024,768,810.4180927276611,602.584602355957,0.7914239186793566,0.7846153676509857,0.6209633689223872
9377988159b2c441.jpg,1024,683,219.2130126953125,375.8202819824219,0.2140752077102661,0.5502493147619647,0.1177947363500992
144e7ce325513665.jpg,1024,685,181.04568481445312,165.03912353515625,0.17680242657661438,0.24093302705862227,0.04259754382641351
8331b723bf203401.jpg,1024,683,873.0470485687256,647.2023856639862,0.8525850083678961,0.9475876803279447,0.8078990503617159
5190f8c23baef03a.jpg,1024,685,950.55712890625,674.8095717430115,0.9282784461975098,0.9851234623985569,0.9144688769880432
4c89bd5b3412f601.jpg,1024,777,861.6229553222656,738.8458251953125,0.8414286673069,0.9508955279218951,0.8001107568074114
4aa102863b46ed3a.jpg,683,1024,377.2032747268677,801.1502380371094,0.5522741943292353,0.7823732793331146,0.43208457250841764
9131c2a99e25a849.jpg,1024,688,822.9889907836914,452.832275390625,0.8037001863121986,0.6581864467886991,0.5289845699122415
397df6b6c0912868.jpg,1024,768,667.5674438476562,729.8771667480469,0.6519213318824768,0.950360894203186,0.6195605399179627
3290aba15cb802f6.jpg,1024,976,593.7387084960938,556.4350738525391,0.5798229575157166,0.5701179035374375,0.330567448961737
73d5ad7dadcddf74.jpg,774,1024,660.5732707977295,936.9871139526367,0.8534538382399606,0.9150264784693718,0.78093286014088
7ca8b2bbe3319a97.jpg,1024,677,296.3675842285156,223.71051025390625,0.2894214689731598,0.330443885160866,0.09563755465645594
0c50cea36e73148b.jpg,1024,683,391.9478454589844,266.4450988769531,0.38276156783103943,0.39010995443184937,0.14931909778483002
22a296391b238a80.jpg,1024,768,516.3584747314453,487.3279571533203,0.5042563229799271,0.6345416108767191,0.3199716194784541
27298c1046c55cd7.jpg,1024,1024,870.2889556884766,907.8720588684082,0.8498915582895279,0.8865938074886799,0.7535085926163998
270bf692db523759.jpg,1024,768,420.69041442871094,401.65968322753906,0.410830482840538,0.5229943792025248,0.2148620333306607
4a8ff973f21e4874.jpg,1024,768,479.2726135253906,528.1127777099609,0.4680396616458893,0.6876468459765116,0.32184599712270945
488ce5fdd5605ff5.jpg,1024,682,531.0796508789062,539.8922996520996,0.5186324715614319,0.7916309379063045,0.4105655098908411
861156dec3420540.jpg,1024,1024,642.6416263580322,661.3078918457031,0.6275797132402658,0.6458084881305695,0.4052963057891124
3014e7f7ff2a4d68.jpg,683,1024,683.0,811.8070292472839,1.0,0.7927803019993007,0.7927803019993007
0bc6c5a7fb83d51d.jpg,1024,681,215.35003662109375,234.93692016601562,0.21030277013778687,0.34498813533923,0.07255196052650979
5d72be769f11264d.jpg,768,1024,479.82765197753906,684.1785583496094,0.6247755885124207,0.6681431233882904,0.417439513125446
70efb825bd1953c1.jpg,1024,479,230.92388916015625,196.2237548828125,0.2255116105079651,0.40965293294950417,0.09238149265875412
7baa21e266516d7c.jpg,1024,683,863.795970916748,453.9626770019531,0.8435507528483868,0.6646598491975888,0.5606743161787212
816d7988c1a81989.jpg,683,1024,224.7532958984375,262.144775390625,0.3290677831602306,0.2560007572174072,0.0842416016648726
004d9a6bb834b10a.jpg,1024,1024,548.1677398681641,772.0251007080078,0.535320058465004,0.7539307624101639,0.40359425981197394
7c7fe0cb361e5df5.jpg,1024,768,864.3783721923828,482.2064208984375,0.8441195040941238,0.6278729438781738,0.5299997980205617
87a4ef3cb7d8b760.jpg,732,1024,274.01251220703125,406.29510498046875,0.3743340330697148,0.396772563457489,0.1485254738904512
2d91739e4bc860c3.jpg,768,1024,137.38546752929688,138.51275634765625,0.17888732751210532,0.13526636362075806,0.024197438290398075
727eafecdf27950f.jpg,1024,1024,385.43499755859375,482.0141296386719,0.3764013648033142,0.4707169234752655,0.17717849243210715
3845665292ec11ab.jpg,754,1024,231.29188537597656,257.435302734375,0.30675316362861615,0.2514016628265381,0.07711825541353523
4e36e7132ec93e9d.jpg,1024,768,606.5367922782898,581.2647933959961,0.5923210862092674,0.7568551997343699,0.44830129400979396
21ea67f2b010f4df.jpg,1024,683,351.85186767578125,519.3611297607422,0.3436053395271301,0.7604116101914234,0.26128148950019575
884a5e75247e8160.jpg,1024,819,401.8881530761719,354.6380310058594,0.3924688994884491,0.4330134688716232,0.16994431959172177
7f4873138243da3b.jpg,681,1024,269.6094570159912,300.678466796875,0.3959022863670943,0.29363131523132324,0.11624930904905786
705937a288bce501.jpg,1024,768,318.224365234375,248.06427001953125,0.31076598167419434,0.32300035158793133,0.1003775213423334
6d21128a3554dbdf.jpg,1024,1024,319.65514373779297,319.44622802734375,0.31216322630643845,0.3119592070579529,0.09738219255120883
008d6a14dbda239e.jpg,1024,832,990.7578430175781,782.978687286377,0.9675369560718536,0.9410801529884338,0.9105298266420636
105ae1c8d16b4317.jpg,1024,767,146.70620727539062,286.0345153808594,0.14326778054237366,0.3729263564287606,0.053428331391302694
4d79ce38dd977a5f.jpg,1024,683,456.27423095703125,404.28126525878906,0.44558030366897583,0.5919198612866604,0.2637478315398082
7949820ced81300f.jpg,767,1024,400.2669372558594,279.64007568359375,0.5218604136321504,0.2730860114097595,0.14251277887145125
4c415d4247385943.jpg,1024,683,610.8527221679688,536.2102203369141,0.596535861492157,0.7850808496880147,0.4683288810096345
05800087a72daf2f.jpg,768,1024,377.0290832519531,548.37548828125,0.49092328548431396,0.5355229377746582,0.26290068006454703
198fe88c9047f155.jpg,724,1024,327.44322967529297,139.56393432617188,0.4522696542476422,0.13629290461540222,0.06164114484681484
